{"stats":{"minecraft:picked_up":{"minecraft:spruce_log":3,"minecraft:dirt":4},"minecraft:mined":{"minecraft:spruce_leaves":1,"minecraft:spruce_log":3,"minecraft:dirt":4},"minecraft:custom":{"minecraft:jump":43,"minecraft:time_since_rest":4241,"minecraft:damage_taken":60,"minecraft:leave_game":3,"minecraft:sprint_one_cm":17233,"minecraft:time_since_death":4241,"minecraft:play_time":4241,"minecraft:walk_on_water_one_cm":584,"minecraft:walk_one_cm":7324,"minecraft:total_world_time":4241,"minecraft:walk_under_water_one_cm":1016,"minecraft:swim_one_cm":163,"minecraft:fall_one_cm":2037,"minecraft:fly_one_cm":3980}},"DataVersion":3463}