{"stats":{"minecraft:picked_up":{"minecraft:rotten_flesh":1,"minecraft:spruce_sapling":1,"minecraft:spruce_log":6,"minecraft:black_wool":1,"minecraft:mutton":3,"minecraft:white_wool":1,"minecraft:dirt":2,"minecraft:egg":1},"minecraft:killed":{"minecraft:sheep":2,"minecraft:zombie":1},"minecraft:crafted":{"minecraft:crafting_table":1,"minecraft:spruce_planks":16,"minecraft:stick":4,"minecraft:wooden_pickaxe":1,"minecraft:wooden_axe":1},"minecraft:mined":{"minecraft:grass_block":2,"minecraft:spruce_leaves":4,"minecraft:spruce_log":6},"minecraft:custom":{"minecraft:time_since_rest":384,"minecraft:crouch_one_cm":17,"minecraft:play_time":31081,"minecraft:sprint_one_cm":25883,"minecraft:damage_taken":2580,"minecraft:deaths":5,"minecraft:walk_one_cm":42858,"minecraft:sneak_time":5,"minecraft:mob_kills":3,"minecraft:jump":151,"minecraft:damage_dealt":359,"minecraft:leave_game":7,"minecraft:time_since_death":312,"minecraft:total_world_time":31081,"minecraft:swim_one_cm":3596,"minecraft:interact_with_crafting_table":1,"minecraft:fall_one_cm":12647,"minecraft:fly_one_cm":12078},"minecraft:killed_by":{"minecraft:skeleton":3,"minecraft:spider":1},"minecraft:used":{"minecraft:wooden_axe":12,"minecraft:crafting_table":1,"minecraft:stone_shovel":2}},"DataVersion":3465}