{"stats":{"minecraft:picked_up":{"minecraft:spruce_sapling":1,"minecraft:spruce_log":2,"minecraft:dirt":2},"minecraft:custom":{"minecraft:jump":21,"minecraft:damage_taken":835,"minecraft:time_since_rest":5403,"minecraft:walk_one_cm":11729,"minecraft:leave_game":3,"minecraft:sprint_one_cm":3793,"minecraft:time_since_death":3504,"minecraft:crouch_one_cm":17,"minecraft:play_time":9949,"minecraft:deaths":2,"minecraft:sneak_time":5,"minecraft:total_world_time":9949,"minecraft:fall_one_cm":8566,"minecraft:fly_one_cm":2210},"minecraft:used":{"minecraft:stone_shovel":2},"minecraft:mined":{"minecraft:grass_block":2,"minecraft:spruce_leaves":1,"minecraft:spruce_log":2},"minecraft:killed_by":{"minecraft:spider":1}},"DataVersion":3465}