{"stats":{"minecraft:picked_up":{"minecraft:rotten_flesh":1,"minecraft:spruce_sapling":1,"minecraft:spruce_log":6,"minecraft:black_wool":1,"minecraft:white_wool":1,"minecraft:mutton":3,"minecraft:dirt":2,"minecraft:egg":1},"minecraft:crafted":{"minecraft:crafting_table":1,"minecraft:spruce_planks":16,"minecraft:stick":4,"minecraft:wooden_pickaxe":1,"minecraft:wooden_axe":1},"minecraft:custom":{"minecraft:time_since_rest":9827,"minecraft:crouch_one_cm":17,"minecraft:play_time":28897,"minecraft:sprint_one_cm":21238,"minecraft:deaths":4,"minecraft:damage_taken":1280,"minecraft:walk_one_cm":41980,"minecraft:sneak_time":5,"minecraft:mob_kills":3,"minecraft:jump":139,"minecraft:damage_dealt":359,"minecraft:leave_game":5,"minecraft:time_since_death":0,"minecraft:total_world_time":28897,"minecraft:interact_with_crafting_table":1,"minecraft:fall_one_cm":10766,"minecraft:fly_one_cm":11150},"minecraft:killed":{"minecraft:sheep":2,"minecraft:zombie":1},"minecraft:killed_by":{"minecraft:skeleton":2,"minecraft:spider":1},"minecraft:mined":{"minecraft:grass_block":2,"minecraft:spruce_leaves":1,"minecraft:spruce_log":6},"minecraft:used":{"minecraft:wooden_axe":12,"minecraft:crafting_table":1,"minecraft:stone_shovel":2}},"DataVersion":3465}